-- Insertar temas
INSERT INTO topics (id, topic) VALUES
  ('28a8943f-ef88-4613-84ef-bcbf09e77d05', 'Historia'),
  ('56537299-7a6c-4175-b7a8-a8151149db8a', 'Geografía'),
  ('ec41b9f8-30d7-4165-a40a-15ad83786ccc', 'Ciencia'),
  ('059a6222-12b6-4857-bf29-6fda2b01258a', 'Arte'),
  ('6435d2cc-d18c-4e6c-8bc6-8ad40b44e3ed', 'Literatura'),
  ('4a17e642-a6a2-4075-8a70-663a65461635', 'Música'),
  ('a67aa46a-6259-42ae-a3f4-eb9fc0717f70', 'Cine'),
  ('62f06554-f363-40c9-8508-ac75c0dcdb18', 'Deporte'),
  ('8b69d98d-996a-4e6a-a64a-bef6beacd863', 'Tecnología'),
  ('d4190155-a02e-4578-8334-b72e99f66425', 'Astronomía');

-- Insertar preguntas
INSERT INTO questions (id, topic_id, question) VALUES
('232df2eb-43fd-43cd-a491-f53822967057', '28a8943f-ef88-4613-84ef-bcbf09e77d05', '¿En qué año cayó el Muro de Berlín?'),
('55ef925a-445e-4565-bedd-6dba1924e65a', '28a8943f-ef88-4613-84ef-bcbf09e77d05', '¿Qué civilización construyó Machu Picchu?'),
('69e6187c-3590-41cc-a48e-3969903e4eb6', '28a8943f-ef88-4613-84ef-bcbf09e77d05', '¿Quién descubrió América?'),
('c5bcd886-b546-45cc-a85d-2f3a6af2aefc', '28a8943f-ef88-4613-84ef-bcbf09e77d05', '¿Dónde tuvo lugar la Revolución Francesa?'),
('cbdde91e-42a0-40e4-b190-27748c76eceb', '28a8943f-ef88-4613-84ef-bcbf09e77d05', '¿Qué reina de Inglaterra es conocida por su "época dorada"?'),
('1aedd518-5d05-4ecd-bb87-328a75c28218', '28a8943f-ef88-4613-84ef-bcbf09e77d05', '¿Cuál fue la primera guerra mundial en la que se usaron armas químicas?'),
('1b505579-a200-4caa-a404-956c16c44ea7', '28a8943f-ef88-4613-84ef-bcbf09e77d05', '¿Quién fue conocido como el "Libertador" en Sudamérica?'),
('564ba6ba-2c56-4f01-97aa-5b63fcc11ef6', '28a8943f-ef88-4613-84ef-bcbf09e77d05', '¿Qué emperador romano dividió el imperio en Oriente y Occidente?'),
('c1da4daa-438b-45b3-a831-6571a9b1f781', '28a8943f-ef88-4613-84ef-bcbf09e77d05', '¿Qué evento marcó el inicio de la Edad Media?'),
('2a80057c-6960-4192-bb95-38c5721af6f2', '28a8943f-ef88-4613-84ef-bcbf09e77d05', '¿Quién fue el líder de la Unión Soviética durante la Segunda Guerra Mundial?'),
('a9615167-9c6c-4f86-9404-933b10dc0e70', '56537299-7a6c-4175-b7a8-a8151149db8a', '¿Cuál es la capital de Australia?'),
('9395dafa-a3d4-4285-ae5e-c4bf2b264fcf', '56537299-7a6c-4175-b7a8-a8151149db8a', '¿Qué país tiene la mayor cantidad de islas en el mundo?'),
('ef8fd5f5-96fe-42db-8e96-3b0ec0b94801', '56537299-7a6c-4175-b7a8-a8151149db8a', '¿Dónde se encuentra el desierto del Sahara?'),
('57f2078e-d4fc-4b6a-ad0a-8317b332041a', '56537299-7a6c-4175-b7a8-a8151149db8a', '¿Cuál es la montaña más alta del mundo?'),
('5a89b2ac-0411-4609-ba7b-43268fd3a741', '56537299-7a6c-4175-b7a8-a8151149db8a', '¿Qué océano es el más grande?'),
('cb212f8c-92d6-40bb-a9bc-968153cb095c', '56537299-7a6c-4175-b7a8-a8151149db8a', '¿Cuál es el país más poblado del mundo?'),
('4d61721f-6cd8-40a6-87bc-d2e5f0c3eaa0', '56537299-7a6c-4175-b7a8-a8151149db8a', '¿Qué país es conocido como la tierra del sol naciente?'),
('f7ff57b5-efa2-4772-baff-f104cc4af1ba', '56537299-7a6c-4175-b7a8-a8151149db8a', '¿Cuál es el lago más profundo del mundo?'),
('eb45304e-a2d3-4a37-ac99-9a04ca9efb82', '56537299-7a6c-4175-b7a8-a8151149db8a', '¿Qué río fluye a través de París?'),
('c01974fc-7fa4-408d-96a3-ce2417b47fc2', '56537299-7a6c-4175-b7a8-a8151149db8a', '¿Cuál es la ciudad más grande de Europa por población?'),
('dc7d3ddd-63b9-4bd2-be73-31334b8186f2', 'ec41b9f8-30d7-4165-a40a-15ad83786ccc', '¿Cuál es el elemento más abundante en el universo?'),
('9d796c53-9a57-44b2-94dd-2a1e3b579c60', 'ec41b9f8-30d7-4165-a40a-15ad83786ccc', '¿Qué científico propuso la teoría de la relatividad?'),
('f8f2ea46-07b0-4939-ae68-a4fa647d7900', 'ec41b9f8-30d7-4165-a40a-15ad83786ccc', '¿Qué es un neutrón?'),
('66ba9080-dc3e-474f-9a4c-d455e4690f63', 'ec41b9f8-30d7-4165-a40a-15ad83786ccc', '¿Cuál es la fórmula química del agua?'),
('55a6ebde-e89d-4ca4-a790-718ba04f7144', 'ec41b9f8-30d7-4165-a40a-15ad83786ccc', '¿Qué órgano del cuerpo humano es responsable de la filtración de la sangre?'),
('e229d9a3-4887-49a7-a2dd-a76ed2980530', 'ec41b9f8-30d7-4165-a40a-15ad83786ccc', '¿Qué vitaminas son solubles en agua?'),
('1be5d2f0-1293-475f-8ebb-c77c2d0122d7', 'ec41b9f8-30d7-4165-a40a-15ad83786ccc', '¿Cuál es la velocidad de la luz en el vacío?'),
('3e80d676-cd15-42e7-88fe-75b26bfd9574', 'ec41b9f8-30d7-4165-a40a-15ad83786ccc', '¿Qué enfermedad erradicó la vacuna desarrollada por Edward Jenner?'),
('0e9d5fec-ef47-4668-94b8-139ff4fe6d40', 'ec41b9f8-30d7-4165-a40a-15ad83786ccc', '¿Cómo se llama el proceso por el cual las plantas convierten la luz solar en energía?'),
('9407a50f-0b49-41c0-b6b3-52743f5c7f48', 'ec41b9f8-30d7-4165-a40a-15ad83786ccc', '¿Cuál es el gas predominante en la atmósfera terrestre?'),
('556153c5-54af-4b94-9f12-f77c4c0f5c76', '059a6222-12b6-4857-bf29-6fda2b01258a', '¿Quién pintó "La noche estrellada"?'),
('c43ad21a-f09d-4a11-81df-f9b5563f4b79', '059a6222-12b6-4857-bf29-6fda2b01258a', '¿En qué ciudad se encuentra la galería de arte "El Prado"?'),
('103e878a-8bf7-4b89-8c09-5bcb2640c1bb', '059a6222-12b6-4857-bf29-6fda2b01258a', '¿Qué artista es conocido por sus esculturas de globos?'),
('aeb3503e-5b8f-4e8e-9eb4-c025b572fd07', '059a6222-12b6-4857-bf29-6fda2b01258a', '¿Cuál es el movimiento artístico asociado con Salvador Dalí?'),
('7f3eaa0d-340e-4a0f-88de-0020c59f3f34', '059a6222-12b6-4857-bf29-6fda2b01258a', '¿Qué arquitecto diseñó la Sagrada Familia en Barcelona?'),
('83db2a86-4e5b-4c4e-9903-78b1d10ebc38', '059a6222-12b6-4857-bf29-6fda2b01258a', '¿Qué pintor es famoso por su serie de cuadros de nenúfares?'),
('09a104c5-6a3a-4d27-9342-09d9c6fc8cb4', '059a6222-12b6-4857-bf29-6fda2b01258a', '¿Quién es el autor de la obra literaria "La Divina Comedia"?'),
('8a54b9c2-cd47-438d-940d-1782328e39d8', '059a6222-12b6-4857-bf29-6fda2b01258a', '¿Qué compositor escribió la famosa "Quinta Sinfonía"?'),
('7d8b5bbd-02e0-4d4d-8051-8e2c2f486cc2', '059a6222-12b6-4857-bf29-6fda2b01258a', '¿Qué artista pop es conocido por sus latas de sopa Campbell?'),
('3df9989e-7f20-4f48-ba53-600a9e1c37a2', '059a6222-12b6-4857-bf29-6fda2b01258a', '¿En qué periodo artístico se destacó Leonardo da Vinci?'),
('14af6b10-69b1-462a-a675-7b693a8b8202', '6435d2cc-d18c-4e6c-8bc6-8ad40b44e3ed', '¿Quién escribió "Cien años de soledad"?'),
('9d5c0e06-1c9f-4bb7-9bfb-f348e67da06c', '6435d2cc-d18c-4e6c-8bc6-8ad40b44e3ed', '¿Qué poeta escribió "La Divina Comedia"?'),
('8febc27a-d6f4-4c8a-87b4-3b6e28759b5d', '6435d2cc-d18c-4e6c-8bc6-8ad40b44e3ed', '¿En qué obra de Shakespeare aparece el personaje de Hamlet?'),
('73d2349d-7200-4829-b5f0-1f5a235e6ac9', '6435d2cc-d18c-4e6c-8bc6-8ad40b44e3ed', '¿Cuál es el poema épico más antiguo conocido en la literatura occidental?'),
('55ebe9d8-09bb-4c44-b1ff-2b4fc9eaf0b6', '6435d2cc-d18c-4e6c-8bc6-8ad40b44e3ed', '¿Quién es el autor de "El Principito"?'),
('1318a2d5-729c-4c21-a2e1-8ab0481c9a0d', '6435d2cc-d18c-4e6c-8bc6-8ad40b44e3ed', '¿Qué novela de Orwell describe una distopía totalitaria?'),
('4a9b7e6a-8b65-4a41-8890-8a781ea79b7b', '6435d2cc-d18c-4e6c-8bc6-8ad40b44e3ed', '¿Qué escritora británica es conocida por su serie de libros de Harry Potter?'),
('03fe9015-6e79-47b6-8e9b-1da2c20b1730', '6435d2cc-d18c-4e6c-8bc6-8ad40b44e3ed', '¿Qué poeta chileno ganó el Premio Nobel de Literatura en 1971?'),
('e19d99b6-43c4-452b-ba99-d9c73a16647c', '6435d2cc-d18c-4e6c-8bc6-8ad40b44e3ed', '¿Cuál es el libro sagrado del Islam?'),
('5392d5d7-5a1c-4486-bfa8-0d0b1373fc6b', '6435d2cc-d18c-4e6c-8bc6-8ad40b44e3ed', '¿Qué autor es conocido por sus novelas de ciencia ficción como "Fahrenheit 451"?'),
('35c2c03c-6e91-4520-96cb-22d1258473a3', '4a17e642-a6a2-4075-8a70-663a65461635', '¿Quién compuso la obra "Las cuatro estaciones"?'),
('e04a62e2-9c6c-4a4e-8374-8f66f573f1d8', '4a17e642-a6a2-4075-8a70-663a65461635', '¿Qué instrumento musical tiene seis cuerdas y es común en el rock y el blues?'),
('f7a15d11-6f5c-4df0-b366-5aaeb9d4e8a7', '4a17e642-a6a2-4075-8a70-663a65461635', '¿Cuál es el género musical típico de Jamaica?'),
('dce50b57-57e7-44d3-a3f2-efb9e43a3b3b', '4a17e642-a6a2-4075-8a70-663a65461635', '¿Qué cantante es conocida como "La Reina del Pop"?'),
('3f5e42d8-fad8-4f69-a833-6815b4ab8b0b', '4a17e642-a6a2-4075-8a70-663a65461635', '¿Qué grupo de rock británico es conocido por su álbum "The Dark Side of the Moon"?'),
('32b10fa1-961f-41c6-8b58-366b9d66c9aa', '4a17e642-a6a2-4075-8a70-663a65461635', '¿Qué compositor es famoso por su "Marcha Nupcial"?'),
('2f6d77f4-60cc-47d5-9c3e-9b7cc0dbf051', '4a17e642-a6a2-4075-8a70-663a65461635', '¿En qué ciudad se originó el tango?'),
('b900db19-dbc5-4425-aa2b-0e9deed2745b', '4a17e642-a6a2-4075-8a70-663a65461635', '¿Qué instrumento es conocido por su sonido melancólico en el fado portugués?'),
('039289d0-2010-41e7-98ac-0f450b469981', '4a17e642-a6a2-4075-8a70-663a65461635', '¿Qué famoso cantante de salsa era conocido como "El Cantante de los Cantantes"?'),
('4f88c88e-8b2e-4e10-b43c-9c1a08338298', '4a17e642-a6a2-4075-8a70-663a65461635', '¿Qué compositor alemán se volvió completamente sordo al final de su vida?'),
('7b7a3039-5e36-4be0-af57-05f05d036a14', 'a67aa46a-6259-42ae-a3f4-eb9fc0717f70', '¿Qué película ganó el primer Óscar a la mejor película?'),
('06a289a5-8480-4907-9030-7898c3de0193', 'a67aa46a-6259-42ae-a3f4-eb9fc0717f70', '¿Quién es el director de la trilogía "El Señor de los Anillos"?'),
('c141d94e-28a5-4bcf-9dd5-1b992367cf6f', 'a67aa46a-6259-42ae-a3f4-eb9fc0717f70', '¿Qué actor interpretó a Harry Potter en las películas?'),
('9981a4b8-5259-4989-831a-1f964a4e6098', 'a67aa46a-6259-42ae-a3f4-eb9fc0717f70', '¿En qué película icónica se dice la frase "Que la fuerza te acompañe"?'),
('4b77d184-95dc-4dc0-bd39-d40d238d66c3', 'a67aa46a-6259-42ae-a3f4-eb9fc0717f70', '¿Qué película de animación fue la primera en recibir un Óscar a la mejor película?'),
('b53a46e7-af7f-42c7-8a02-fa991a4243b2', 'a67aa46a-6259-42ae-a3f4-eb9fc0717f70', '¿Qué actriz ganó un Óscar por su papel en "La dama de hierro"?'),
('4d6da31b-85e8-4e69-8136-25ed4f0650d8', 'a67aa46a-6259-42ae-a3f4-eb9fc0717f70', '¿Qué película de Alfred Hitchcock es famosa por su escena de la ducha?'),
('9871e44c-d84c-4930-81c5-488f70f12b89', 'a67aa46a-6259-42ae-a3f4-eb9fc0717f70', '¿Qué película de ciencia ficción de 1982 es conocida por su estética cyberpunk?'),
('f9e1d84e-6344-43bb-9a84-91a2fb361575', 'a67aa46a-6259-42ae-a3f4-eb9fc0717f70', '¿Qué actor protagonizó "El padrino"?'),
('e8c61141-c222-4c8e-95da-40cbe9f6d1bf', 'a67aa46a-6259-42ae-a3f4-eb9fc0717f70', '¿Qué director es conocido por sus películas de suspense y cameos en ellas?'),
('68e7a398-44af-4313-8b5a-74f4ad4a8b2c', '62f06554-f363-40c9-8508-ac75c0dcdb18', ' ¿En qué deporte se utiliza una red y una pelota pequeña? '),
('8ed9f3b7-94b7-41ff-88e2-61f94c8f2915', '62f06554-f363-40c9-8508-ac75c0dcdb18', ' ¿Cuál es el deporte más popular en la India? '),
('58ef1a7d-9125-4a7f-b8b8-b4788901ccf3', '62f06554-f363-40c9-8508-ac75c0dcdb18', ' ¿Qué equipo ganó la Copa Mundial de Fútbol de 2018? '),
('24502de1-7a4a-4f54-83df-88dc3f1a4db7', '62f06554-f363-40c9-8508-ac75c0dcdb18', ' ¿Cuál es el máximo torneo de tenis en el mundo? '),
('ebc97b7e-cacd-4a9b-a3ed-7cfc39d750e1', '62f06554-f363-40c9-8508-ac75c0dcdb18', ' ¿Cuál es el deporte en el que se compite por el título de "Maestro"? '),
('6d99f6c7-2a86-4e5e-9f08-5a44c87c8cc8', '62f06554-f363-40c9-8508-ac75c0dcdb18', ' ¿Cuál es el deporte en el que se utiliza un arco y flechas? '),
('9b00147f-773f-4d53-ae8f-bda810c8fdd7', '62f06554-f363-40c9-8508-ac75c0dcdb18', ' ¿Cuál es el equipo de fútbol más exitoso en la historia de la Liga de Campeones de la UEFA? '),
('175bc0f4-dcd2-4f32-a994-6e08fcfb464f', '62f06554-f363-40c9-8508-ac75c0dcdb18', ' ¿Cuál es el deporte en el que se compite por la "Copa Stanley"? '),
('03529b6e-b22e-441e-95df-325b2c2b03f0', '62f06554-f363-40c9-8508-ac75c0dcdb18', ' ¿Cuál es el deporte en el que se compite por la "Copa Davis"? '),
('f4523b2e-8dcf-41ef-826b-df849c6a6ac2', '62f06554-f363-40c9-8508-ac75c0dcdb18', ' ¿Cuál es el deporte en el que se compite por la "Copa América"? '),
('8a154e80-6cf9-4de3-88f5-84de116bba26', '8b69d98d-996a-4e6a-a64a-bef6beacd863', ' ¿Quién es conocido como el padre de la computadora? '),
('b87dcfe5-14e2-40bc-97c8-0d041bb0f9c0', '8b69d98d-996a-4e6a-a64a-bef6beacd863', ' ¿Qué lenguaje de programación fue desarrollado por Sun Microsystems? '),
('e9d9b048-f87c-4d70-aa69-3e7c335bc4aa', '8b69d98d-996a-4e6a-a64a-bef6beacd863', ' ¿Cuál es la velocidad de la luz en el vacío? '),
('6f426f20-c038-498e-8d0b-83a39aa5a174', '8b69d98d-996a-4e6a-a64a-bef6beacd863', ' ¿Qué compañía desarrolló el sistema operativo Windows? '),
('20f8a672-2be2-4904-b68f-13b88be3ab8e', '8b69d98d-996a-4e6a-a64a-bef6beacd863', ' ¿Qué significa "HTTP" en la web? '),
('f84f1421-4b25-479d-8e88-2c1b9da77eb2', '8b69d98d-996a-4e6a-a64a-bef6beacd863', ' ¿Cuál fue el primer navegador web de uso público? '),
('720ba04b-176e-495f-9b7b-fb719c68aae3', '8b69d98d-996a-4e6a-a64a-bef6beacd863', ' ¿Qué es un transistor? '),
('723c471a-c5f3-40e1-8147-2a3d482c9b91', '8b69d98d-996a-4e6a-a64a-bef6beacd863', ' ¿Qué tecnología se utiliza para realizar llamadas telefónicas sobre Internet? '),
('871ae194-119f-4a5d-a929-f8e27f5ab85d', '8b69d98d-996a-4e6a-a64a-bef6beacd863', ' ¿Cuál es el nombre de la primera computadora electrónica de propósito general? '),
('6dbca8d1-37fc-4c92-aa8c-bfbab68438de', '8b69d98d-996a-4e6a-a64a-bef6beacd863', ' ¿Qué año se considera el inicio de la "Era de la Información"? '),
('38ebf102-0596-43da-9d77-4f3e1b16e0a7', 'd4190155-a02e-4578-8334-b72e99f66425', ' ¿Cuál es el planeta más grande del sistema solar? '),
('1e7eb9cf-aae8-4887-b1f5-b3da7cb9bf4f', 'd4190155-a02e-4578-8334-b72e99f66425', ' ¿Qué tipo de estrella es el Sol? '),
('a22c05a7-6189-42b6-a2f4-b9fcf91d3962', 'd4190155-a02e-4578-8334-b72e99f66425', ' ¿Cuál es la galaxia más cercana a la Vía Láctea? '),
('86120697-6a52-4f8a-88b4-d3bdc5bfe39b', 'd4190155-a02e-4578-8334-b72e99f66425', ' ¿Qué planeta es conocido como el "planeta rojo"? '),
('eee477b8-1fa3-448e-bf6f-6460af5379b3', 'd4190155-a02e-4578-8334-b72e99f66425', ' ¿Cuál es el objeto más brillante en el cielo nocturno después de la Luna? '),
('654d6da1-34df-4f82-b0ef-49ad18aa46b8', 'd4190155-a02e-4578-8334-b72e99f66425', ' ¿Qué fenómeno causa las mareas en la Tierra? '),
('8404eac4-5273-4be5-af20-9c0f758b067d', 'd4190155-a02e-4578-8334-b72e99f66425', ' ¿Qué es un agujero negro? '),
('21a92ba2-ba11-41ed-82d1-8dd540f8ae47', 'd4190155-a02e-4578-8334-b72e99f66425', ' ¿Cuál es la unidad astronómica utilizada para medir distancias dentro del sistema solar? '),
('7c1805e2-54e2-43db-a398-1db0b431c9b3', 'd4190155-a02e-4578-8334-b72e99f66425', ' ¿Qué nombre recibe el primer alunizaje tripulado? '),
('c3c8f80f-32d8-44b2-b381-ef10fd62539d', 'd4190155-a02e-4578-8334-b72e99f66425', ' ¿Cuál es el nombre del telescopio espacial lanzado por la NASA en 1990? ');

-- Insertar respuestas
INSERT INTO answers (id, is_correct, question_id, answer) VALUES
('ea2b6a2f-62e3-470b-94c9-f8c6d829cda0', true, '232df2eb-43fd-43cd-a491-f53822967057', '1989'),
('e83d616f-fae1-4f0e-a34f-93631563e1c2', false, '232df2eb-43fd-43cd-a491-f53822967057', '1979'),
('90f01c55-5ada-41fb-927f-c71b259d6e47', false, '232df2eb-43fd-43cd-a491-f53822967057', '1999'),
('0e347742-96cf-4cc9-814c-83a329059ea6', false, '232df2eb-43fd-43cd-a491-f53822967057', '2009'),

('45f31f63-a2e2-4c76-b4e4-0971033cf168', true, '55ef925a-445e-4565-bedd-6dba1924e65a', 'Inca'),
('9febbda0-ba80-49b8-ba18-386c45243ce2', false, '55ef925a-445e-4565-bedd-6dba1924e65a', 'Maya'),
('9dc2c637-95d9-447c-a1fd-036181e2d5a4', false, '55ef925a-445e-4565-bedd-6dba1924e65a', 'Azteca'),
('b5ce19e6-3864-45b1-8ed4-6b08a0041a32', false, '55ef925a-445e-4565-bedd-6dba1924e65a', 'Olmeca'),

('41fc884f-3a32-454c-9307-d0629d9f2379', true, '69e6187c-3590-41cc-a48e-3969903e4eb6', 'Cristóbal Colón'),
('e03ad83b-d558-4f0c-b265-75455be655f4', false, '69e6187c-3590-41cc-a48e-3969903e4eb6', 'Marco Polo'),
('54fa96f1-8b83-44aa-9230-846e0676a43a', false, '69e6187c-3590-41cc-a48e-3969903e4eb6', 'Vasco da Gama'),
('d39201c1-3ee3-42ce-a746-073bb5fa82d5', false, '69e6187c-3590-41cc-a48e-3969903e4eb6', 'Fernando de Magallanes'),

('38b192db-c65c-4da0-b0bf-6cdf5982c169', true, 'c5bcd886-b546-45cc-a85d-2f3a6af2aefc', 'Francia'),
('f1107d01-435b-475a-b0b4-4960038baa9c', false, 'c5bcd886-b546-45cc-a85d-2f3a6af2aefc', 'Inglaterra'),
('d155195d-c4af-499b-b127-6ab7ea4401d8', false, 'c5bcd886-b546-45cc-a85d-2f3a6af2aefc', 'Alemania'),
('0550d75b-90a6-49ef-a499-156d29b71150', false, 'c5bcd886-b546-45cc-a85d-2f3a6af2aefc', 'Italia'),

('d99e3acd-b001-4399-b0ad-88376447a99b', true, 'cbdde91e-42a0-40e4-b190-27748c76eceb', 'Isabel I'),
('900bdf1b-7572-4cbd-abcc-d22a29f34e97', false, 'cbdde91e-42a0-40e4-b190-27748c76eceb', 'Victoria I'),
('2b08f7cd-2323-4d95-8dfd-a2d85231cc74', false, 'cbdde91e-42a0-40e4-b190-27748c76eceb', 'Ana I'),
('67b1f343-cb4a-4fc8-aaa5-ec7c7461705c', false, 'cbdde91e-42a0-40e4-b190-27748c76eceb', 'María I'),

('83568cac-2748-443b-ae4c-c2988aede646', true, '1aedd518-5d05-4ecd-bb87-328a75c28218', 'Primera Guerra Mundial'),
('994ebd6c-3095-41ee-b559-1729c627132d', false, '1aedd518-5d05-4ecd-bb87-328a75c28218', 'Guerra de Vietnam'),
('27d1d019-1c64-41cf-a48a-1321aadcbeb2', false, '1aedd518-5d05-4ecd-bb87-328a75c28218', 'Guerra de Corea'),
('237a3825-46a6-4577-84ff-fcbc31a219de', false, '1aedd518-5d05-4ecd-bb87-328a75c28218', 'Segunda Guerra Mundial'),

('7e4eda9b-8120-4815-b87d-9de47a8f2b9a', true, '1b505579-a200-4caa-a404-956c16c44ea7', 'Simón Bolívar'),
('ccd5cc26-1611-4b90-9afa-998ccde3486b', false, '1b505579-a200-4caa-a404-956c16c44ea7', 'José de San Martín'),
('3ae1c48d-662f-42e1-89c1-1e029f6a00e4', false, '1b505579-a200-4caa-a404-956c16c44ea7', 'Miguel Hidalgo'),
('8c7c7ffe-71a1-4228-9cdd-949b33f51ac7', false, '1b505579-a200-4caa-a404-956c16c44ea7', 'Pancho Villa'),

('4499cd30-b55d-4906-a376-018ef72de043', true, '564ba6ba-2c56-4f01-97aa-5b63fcc11ef6', 'Constantino I'),
('0c05414f-2a73-4214-9b2c-67c219397081', false, '564ba6ba-2c56-4f01-97aa-5b63fcc11ef6', 'Julio César'),
('a8453c09-d121-4cac-a003-af87c96a7bd7', false, '564ba6ba-2c56-4f01-97aa-5b63fcc11ef6', 'Augusto'),
('78f95d47-a0ad-49f0-a86b-a2e2d9534fe6', false, '564ba6ba-2c56-4f01-97aa-5b63fcc11ef6', 'Nerón'),

('fc8bf3f3-b6d0-4701-9eb0-d9cc3dbd1623', true, 'c1da4daa-438b-45b3-a831-6571a9b1f781', 'Caída del Imperio Romano de Occidente'),
('0f4b03fd-a90d-40fc-a36d-8d311283283e', false, 'c1da4daa-438b-45b3-a831-6571a9b1f781', 'Invención de la imprenta'),
('ee50ffbd-d494-40c3-a868-35b77e8944db', false, 'c1da4daa-438b-45b3-a831-6571a9b1f781', 'Descubrimiento de América'),
('fdc34977-45ce-4eef-af60-12921642adcd', false, 'c1da4daa-438b-45b3-a831-6571a9b1f781', 'Revolución Industrial'),

('46a9d0cb-3a8b-4f3a-9dcd-932824b519d1', true, '2a80057c-6960-4192-bb95-38c5721af6f2', 'José Stalin'),
('7d6bc55b-2a71-4da7-9a33-b00530c17e0e', false, '2a80057c-6960-4192-bb95-38c5721af6f2', 'Leon Trotsky'),
('17eb0b17-f3c5-48e2-8dde-1037a4c0f224', false, '2a80057c-6960-4192-bb95-38c5721af6f2', 'Nikita Jrushchov'),
('df14374c-5822-4d52-8046-c26044dab4dc', false, '2a80057c-6960-4192-bb95-38c5721af6f2', 'Vladimir Lenin'),

('0a5f2f6c-0283-4d58-a8bb-268868b43321', true, 'a9615167-9c6c-4f86-9404-933b10dc0e70', 'Canberra'),
('a1aabfb2-15ff-47ae-a289-7ff66efa8f01', false, 'a9615167-9c6c-4f86-9404-933b10dc0e70', 'Sídney'),
('49318998-4dd1-4e88-9fad-f42de3ba2133', false, 'a9615167-9c6c-4f86-9404-933b10dc0e70', 'Melbourne'),
('4dba6545-031a-4184-92f9-9b9b70816573', false, 'a9615167-9c6c-4f86-9404-933b10dc0e70', 'Brisbane'),

('e980cfae-d04c-4a8c-ab48-38152d467eba', true, '9395dafa-a3d4-4285-ae5e-c4bf2b264fcf', 'Suecia'),
('ec09a1b9-afda-4719-bf01-cf52cc7c2a24', false, '9395dafa-a3d4-4285-ae5e-c4bf2b264fcf', 'Finlandia'),
('39211b99-60c3-489d-a6b4-e168d1530283', false, '9395dafa-a3d4-4285-ae5e-c4bf2b264fcf', 'Noruega'),
('57a80c35-e184-4675-92bb-9bf31eeb2bbf', false, '9395dafa-a3d4-4285-ae5e-c4bf2b264fcf', 'Dinamarca'),

('81d31867-9d5c-4002-a4f4-33ef0f7a42f3', true, 'ef8fd5f5-96fe-42db-8e96-3b0ec0b94801', 'África'),
('32b1f4ad-3e29-4b7e-894b-7d7f4b024a41', false, 'ef8fd5f5-96fe-42db-8e96-3b0ec0b94801', 'Asia'),
('e95b1dee-3700-4a1a-a580-9e21f1cfc357', false, 'ef8fd5f5-96fe-42db-8e96-3b0ec0b94801', 'Australia'),
('1f9ab79d-4194-4409-be3a-5d22326ffae9', false, 'ef8fd5f5-96fe-42db-8e96-3b0ec0b94801', 'América del Sur'),

('53b01cc3-73b4-4f9b-9ce6-8c2488cecede', true, '57f2078e-d4fc-4b6a-ad0a-8317b332041a', 'Monte Everest'),
('1bb2c1b2-bb03-43f2-abd3-05f27c9b20ba', false, '57f2078e-d4fc-4b6a-ad0a-8317b332041a', 'K2'),
('b89c936e-28d1-454f-bb73-8fef0c7d620a', false, '57f2078e-d4fc-4b6a-ad0a-8317b332041a', 'Annapurna'),
('96af338e-a7d4-40aa-b8d3-b27f423eda1d', false, '57f2078e-d4fc-4b6a-ad0a-8317b332041a', 'Denali'),

('cc3f5aa1-6459-484e-881c-a555d898945a', true, '5a89b2ac-0411-4609-ba7b-43268fd3a741', 'Océano Pacífico'),
('4b5a32bb-d032-4695-9116-b29dc1369a1c', false, '5a89b2ac-0411-4609-ba7b-43268fd3a741', 'Océano Atlántico'),
('25381939-1cf7-45ec-9ac4-8481e89c34ca', false, '5a89b2ac-0411-4609-ba7b-43268fd3a741', 'Océano Índico'),
('8a056892-72f5-4dc0-b86d-0817501adb27', false, '5a89b2ac-0411-4609-ba7b-43268fd3a741', 'Océano Ártico'),

('3d3aca35-d7d0-4b93-9b6e-0e4c08598289', true, 'cb212f8c-92d6-40bb-a9bc-968153cb095c', 'China'),
('be166afb-4ebe-43a0-ab07-d0cae43e701e', false, 'cb212f8c-92d6-40bb-a9bc-968153cb095c', 'India'),
('6a96e670-465e-4815-a2ae-b498140ef4b4', false, 'cb212f8c-92d6-40bb-a9bc-968153cb095c', 'Estados Unidos'),
('b1c28288-f155-42af-a59e-ed5670fa4090', false, 'cb212f8c-92d6-40bb-a9bc-968153cb095c', 'Indonesia'),

('39c29332-3efe-41d7-a114-031220ce1bf5', true, '4d61721f-6cd8-40a6-87bc-d2e5f0c3eaa0', 'Japón'),
('0ebe4e3a-52d8-4ab0-93a8-af0b52890527', false, '4d61721f-6cd8-40a6-87bc-d2e5f0c3eaa0', 'China'),
('7d1895c8-19b3-4cdf-9196-9286500c0296', false, '4d61721f-6cd8-40a6-87bc-d2e5f0c3eaa0', 'Tailandia'),
('430eb6d3-ab54-4263-9a8f-d69599fb0211', false, '4d61721f-6cd8-40a6-87bc-d2e5f0c3eaa0', 'Corea'),

('96624630-93d0-4fa5-84a5-b91c60b10c16', true, 'f7ff57b5-efa2-4772-baff-f104cc4af1ba', 'Lago Baikal'),
('ce44692c-4e1b-4ebd-82e1-7d7a95467937', false, 'f7ff57b5-efa2-4772-baff-f104cc4af1ba', 'Lago Tanganica'),
('5b1b3793-4286-4790-b9f6-fd469edaf34a', false, 'f7ff57b5-efa2-4772-baff-f104cc4af1ba', 'Lago Superior'),
('63daea3b-a20e-4163-8ca7-5cdfef533a54', false, 'f7ff57b5-efa2-4772-baff-f104cc4af1ba', 'Lago Victoria'),

('58304c1f-143c-4371-bd5b-4c59275653d8', true, 'eb45304e-a2d3-4a37-ac99-9a04ca9efb82', 'Sena'),
('268bfdc8-3f83-482a-895f-f742c7052b32', false, 'eb45304e-a2d3-4a37-ac99-9a04ca9efb82', 'Támesis'),
('9296a1d7-39c8-43fd-9071-4e4b0c242b04', false, 'eb45304e-a2d3-4a37-ac99-9a04ca9efb82', 'Rin'),
('fac21e74-012b-4af0-8b34-3e9acbc75f04', false, 'eb45304e-a2d3-4a37-ac99-9a04ca9efb82', 'Danubio'),

('3402e33c-e480-4c96-8341-1e952540dbb8', true, 'c01974fc-7fa4-408d-96a3-ce2417b47fc2', 'Estambul'),
('1f136ea0-bfe0-401f-8592-fefc8eccee5c', false, 'c01974fc-7fa4-408d-96a3-ce2417b47fc2', 'Moscú'),
('e982bb73-3485-45b7-85f0-fb51b0f77716', false, 'c01974fc-7fa4-408d-96a3-ce2417b47fc2', 'Londres'),
('ec330423-e417-4a2a-a323-79faa91948b9', false, 'c01974fc-7fa4-408d-96a3-ce2417b47fc2', 'Berlín'),

('2391206d-a605-43ab-afd4-372d44660f5b', true, 'dc7d3ddd-63b9-4bd2-be73-31334b8186f2', 'Hidrógeno'),
('80caf42d-ce68-470e-87ae-33e6514ba4f9', false, 'dc7d3ddd-63b9-4bd2-be73-31334b8186f2', 'Oxígeno'),
('8fae7fba-5ba2-48b6-9cf0-368100b3399f', false, 'dc7d3ddd-63b9-4bd2-be73-31334b8186f2', 'Carbono'),
('40d62aef-107b-4701-a3f5-6db1e935b646', false, 'dc7d3ddd-63b9-4bd2-be73-31334b8186f2', 'Nitrógeno'),

('3667204e-1d9c-49da-80e0-2cbea96fee1b', true, '9d796c53-9a57-44b2-94dd-2a1e3b579c60', 'Albert Einstein'),
('f049e3f1-7d4d-4fb5-88e8-670ba675d595', false, '9d796c53-9a57-44b2-94dd-2a1e3b579c60', 'Isaac Newton'),
('27efa7c6-09c2-4255-8f84-232f97ada0c4', false, '9d796c53-9a57-44b2-94dd-2a1e3b579c60', 'Stephen Hawking'),
('29c88705-5cf8-43bf-8b76-68be9851a91f', false, '9d796c53-9a57-44b2-94dd-2a1e3b579c60', 'Nikola Tesla'),

('07b583ce-f966-4b8a-ac08-96ca226d5821', true, 'f8f2ea46-07b0-4939-ae68-a4fa647d7900', 'Partícula subatómica sin carga'),
('a6da8f99-ef84-4ad8-b823-2e2fdac465ce', false, 'f8f2ea46-07b0-4939-ae68-a4fa647d7900', 'Partícula con carga positiva'),
('2908c800-fe04-46ec-bc9f-f3ce0f8a50c6', false, 'f8f2ea46-07b0-4939-ae68-a4fa647d7900', 'Partícula con carga negativa'),
('b268547c-57ad-4ebc-9963-29fbc6a1b6dc', false, 'f8f2ea46-07b0-4939-ae68-a4fa647d7900', 'Tipo de quark'),

('c1dd7585-5574-4dc7-bfc6-047a9ed1d1a5', true, '66ba9080-dc3e-474f-9a4c-d455e4690f63', 'H2O'),
('0efc3979-49e8-4571-a9e1-f0340e64e1de', false, '66ba9080-dc3e-474f-9a4c-d455e4690f63', 'CO2'),
('121f8d61-2c66-4dd0-bb54-2386a65af4fd', false, '66ba9080-dc3e-474f-9a4c-d455e4690f63', 'NaCl'),
('aaa3d6ac-bf05-4811-a52d-4ab5e379e54a', false, '66ba9080-dc3e-474f-9a4c-d455e4690f63', 'O2'),

('e65172d5-9d9a-4e14-a411-2a97279b2470', true, '55a6ebde-e89d-4ca4-a790-718ba04f7144', 'Riñones'),
('e5e01c5d-4327-4188-b626-6433e253afa0', false, '55a6ebde-e89d-4ca4-a790-718ba04f7144', 'Corazón'),
('68b508be-916d-4089-9c1a-6b0c918f528f', false, '55a6ebde-e89d-4ca4-a790-718ba04f7144', 'Hígado'),
('ca5a3502-af06-4239-a15e-4d4f7caa230b', false, '55a6ebde-e89d-4ca4-a790-718ba04f7144', 'Pulmones'),

('ee9ef5b5-aba4-4b8a-b055-4b4305b8e7f9', true, 'e229d9a3-4887-49a7-a2dd-a76ed2980530', 'Vitaminas B y C'),
('b9320026-5933-4b54-8d94-2d359f501cda', false, 'e229d9a3-4887-49a7-a2dd-a76ed2980530', 'Vitaminas A y K'),
('82426745-0a03-49db-9380-c6f22ffa757d', false, 'e229d9a3-4887-49a7-a2dd-a76ed2980530', 'Vitaminas D y E'),
('fbe242e3-b56c-4a93-bbf8-559823414681', false, 'e229d9a3-4887-49a7-a2dd-a76ed2980530', 'Vitaminas F y G'),

('d710590f-16e4-404d-ad8c-215946f4c0df', true, '1be5d2f0-1293-475f-8ebb-c77c2d0122d7', '299.792 km/s'),
('58c8f4c6-8af6-4b89-95bc-273dd1ec41ab', false, '1be5d2f0-1293-475f-8ebb-c77c2d0122d7', '150.000 km/s'),
('f1035550-af36-4ce7-83e0-813b2c87bb44', false, '1be5d2f0-1293-475f-8ebb-c77c2d0122d7', '1.000 km/s'),
('bd0a9bd2-5662-4bf2-805a-05b027f855ca', false, '1be5d2f0-1293-475f-8ebb-c77c2d0122d7', '500.000 km/s'),

('55e31a5b-2794-4d4b-a492-53fc2e5d39ae', true, '3e80d676-cd15-42e7-88fe-75b26bfd9574', 'Viruela'),
('c1ba6daf-2816-4c54-8582-d6ce12ef93d6', false, '3e80d676-cd15-42e7-88fe-75b26bfd9574', 'Gripe'),
('544968cd-2284-4443-bccc-caeef4a0e162', false, '3e80d676-cd15-42e7-88fe-75b26bfd9574', 'Polio'),
('5eaf7d77-e827-4da6-aaeb-887b5ffeb52f', false, '3e80d676-cd15-42e7-88fe-75b26bfd9574', 'Tuberculosis'),

('5cd24d81-0309-481d-a2b5-6b0bbbd953c2', true, '0e9d5fec-ef47-4668-94b8-139ff4fe6d40', 'Fotosíntesis'),
('f63e9eb7-0334-4a74-aa39-be4f6e80b37c', false, '0e9d5fec-ef47-4668-94b8-139ff4fe6d40', 'Respiración celular'),
('f35cf5d7-f117-427a-a6b6-2cabbeea2046', false, '0e9d5fec-ef47-4668-94b8-139ff4fe6d40', 'Fermentación'),
('f209d7cf-3dde-4392-864b-2f8f10311613', false, '0e9d5fec-ef47-4668-94b8-139ff4fe6d40', 'Transpiración'),

('a03eea57-fd6c-4a77-803e-a4c591e4db99', true, '9407a50f-0b49-41c0-b6b3-52743f5c7f48', 'Nitrógeno'),
('f814ba1a-3eb3-4a62-bdd5-6f974ac5a942', false, '9407a50f-0b49-41c0-b6b3-52743f5c7f48', 'Oxígeno'),
('25543774-5757-4043-a87b-2fce82dd64f4', false, '9407a50f-0b49-41c0-b6b3-52743f5c7f48', 'Dióxido de carbono'),
('71901765-b905-4e49-8ee0-1ca6c7c18438', false, '9407a50f-0b49-41c0-b6b3-52743f5c7f48', 'Argón'),

('2ae264f2-3a90-4a53-bda7-33c9b00d2447', true, '556153c5-54af-4b94-9f12-f77c4c0f5c76', 'Vincent van Gogh'),
('0c680f04-07ef-46a7-a10f-ddf806ea9654', false, '556153c5-54af-4b94-9f12-f77c4c0f5c76', 'Pablo Picasso'),
('e9e37032-96bc-49d5-a025-e691b4c6c4a4', false, '556153c5-54af-4b94-9f12-f77c4c0f5c76', 'Claude Monet'),
('0443fc6a-7b5e-4980-9f08-c7761cf6113d', false, '556153c5-54af-4b94-9f12-f77c4c0f5c76', 'Salvador Dalí'),

('5f4142ac-6b9c-4101-9768-8763c0ac3ad9', true, 'c43ad21a-f09d-4a11-81df-f9b5563f4b79', 'Madrid'),
('15e6242f-41c9-4eb9-8579-c0b286273d91', false, 'c43ad21a-f09d-4a11-81df-f9b5563f4b79', 'Barcelona'),
('469745d5-cad5-4d06-bb89-cba5c743af49', false, 'c43ad21a-f09d-4a11-81df-f9b5563f4b79', 'Sevilla'),
('b36e1420-1ba0-49d5-9812-6d86e68ffccd', false, 'c43ad21a-f09d-4a11-81df-f9b5563f4b79', 'Bilbao'),

('a612b252-5e9e-4705-aa7a-16d642601ce2', true, '103e878a-8bf7-4b89-8c09-5bcb2640c1bb', 'Jeff Koons'),
('8c1ef602-77fd-485a-8448-bf7ae0d4677f', false, '103e878a-8bf7-4b89-8c09-5bcb2640c1bb', 'Damien Hirst'),
('a382e1c0-a7ec-48a7-bba5-d6ee1ebd24f6', false, '103e878a-8bf7-4b89-8c09-5bcb2640c1bb', 'Banksy'),
('c2402b96-7b53-4813-a4d6-ec82ab4e73cb', false, '103e878a-8bf7-4b89-8c09-5bcb2640c1bb', 'Jasper Johns'),

('72446eae-34cd-48a0-a8ba-869c8ebd90fb', true, 'aeb3503e-5b8f-4e8e-9eb4-c025b572fd07', 'Surrealismo'),
('c63d83ab-71d6-4d7c-9923-fb22a632213d', false, 'aeb3503e-5b8f-4e8e-9eb4-c025b572fd07', 'Impresionismo'),
('b8dee6cb-8570-4d33-a520-b6871083789c', false, 'aeb3503e-5b8f-4e8e-9eb4-c025b572fd07', 'Expresionismo'),
('dc5f5059-13d3-4032-a3a0-304d6b9d458a', false, 'aeb3503e-5b8f-4e8e-9eb4-c025b572fd07', 'Cubismo'),

('c1e680d9-0895-4e54-a0d6-c6d26db4347a', true, '7f3eaa0d-340e-4a0f-88de-0020c59f3f34', 'Antoni Gaudí'),
('88f1d361-815a-4a2e-b8d2-e11e5aa67408', false, '7f3eaa0d-340e-4a0f-88de-0020c59f3f34', 'Frank Gehry'),
('ca38e4ff-0b9e-4040-94cc-2340ccdd1d4b', false, '7f3eaa0d-340e-4a0f-88de-0020c59f3f34', 'Ieoh Ming Pei'),
('28b2535c-f529-436d-86a9-aea88a23d2e6', false, '7f3eaa0d-340e-4a0f-88de-0020c59f3f34', 'Zaha Hadid'),

('1c0c5169-c2af-454f-9cf6-3a90e992648f', true, '83db2a86-4e5b-4c4e-9903-78b1d10ebc38', 'Claude Monet'),
('68d6a9f3-42fe-43a4-beb4-718a0fb907e8', false, '83db2a86-4e5b-4c4e-9903-78b1d10ebc38', 'Vincent van Gogh'),
('e40afa37-742c-4a4b-8ce6-9ad19791e476', false, '83db2a86-4e5b-4c4e-9903-78b1d10ebc38', 'Pierre-Auguste Renoir'),
('d9967093-dd6c-4024-9e8b-df51fe9ff077', false, '83db2a86-4e5b-4c4e-9903-78b1d10ebc38', 'Edgar Degas'),

('2a6f2117-ce40-4088-b2d6-aeac860e8eee', true, '09a104c5-6a3a-4d27-9342-09d9c6fc8cb4', 'Dante Alighieri'),
('ff3306a2-2ad1-4aa9-9c2a-0459846249bc', false, '09a104c5-6a3a-4d27-9342-09d9c6fc8cb4', 'William Shakespeare'),
('8e4b0e95-1439-4f6e-b40b-1c15cc065a37', false, '09a104c5-6a3a-4d27-9342-09d9c6fc8cb4', 'Homer'),
('ef41d9fc-329f-4676-9fe1-14c54a0485db', false, '09a104c5-6a3a-4d27-9342-09d9c6fc8cb4', 'Geoffrey Chaucer'),

('10d4e175-0d34-4481-9250-c10aa1ad0e0e', true, '8a54b9c2-cd47-438d-940d-1782328e39d8', 'Ludwig van Beethoven'),
('714fe096-afdb-4065-aea7-ecf3c8c6d3af', false, '8a54b9c2-cd47-438d-940d-1782328e39d8', 'Wolfgang Amadeus Mozart'),
('65d6d46a-ef84-4edf-8031-eeef2279dd7f', false, '8a54b9c2-cd47-438d-940d-1782328e39d8', 'Johann Sebastian Bach'),
('3784887e-40af-456e-a088-f371e6d51347', false, '8a54b9c2-cd47-438d-940d-1782328e39d8', 'Piotr Ilich Chaikovski'),

('5b9ec47e-42ae-44d3-8051-4ebc981ff60f', true, '7d8b5bbd-02e0-4d4d-8051-8e2c2f486cc2', 'Andy Warhol'),
('8f8491c1-d69e-4f34-a1e0-91b7e9de87e1', false, '7d8b5bbd-02e0-4d4d-8051-8e2c2f486cc2', 'Roy Lichtenstein'),
('266d01fe-eb39-4e16-822b-6a63ec6d486d', false, '7d8b5bbd-02e0-4d4d-8051-8e2c2f486cc2', 'Keith Haring'),
('eeb82ce0-c7ab-4c5f-9fcb-cb604803874f', false, '7d8b5bbd-02e0-4d4d-8051-8e2c2f486cc2', 'Jean-Michel Basquiat'),

('e9fdea90-c78e-435f-8215-964b0a57cce5', true, '3df9989e-7f20-4f48-ba53-600a9e1c37a2', 'Renacimiento'),
('daec5f8f-f4a8-474d-af94-dc8a11e9c458', false, '3df9989e-7f20-4f48-ba53-600a9e1c37a2', 'Barroco'),
('65ff029a-17cb-4f93-818b-9a9cbb5561b1', false, '3df9989e-7f20-4f48-ba53-600a9e1c37a2', 'Rococó'),
('42b631c1-88d4-4952-a467-df53542a8e9f', false, '3df9989e-7f20-4f48-ba53-600a9e1c37a2', 'Neoclasicismo'),

('e149948f-5ded-4b5e-8029-3f1c52cd0c66', true, '14af6b10-69b1-462a-a675-7b693a8b8202', 'Gabriel García Márquez'),
('2c2ffdfa-22d1-4b04-90e0-bccf9b8a6197', false, '14af6b10-69b1-462a-a675-7b693a8b8202', 'Julio Cortázar'),
('09e50819-76c7-4480-8f26-f02aed3b4675', false, '14af6b10-69b1-462a-a675-7b693a8b8202', 'Carlos Fuentes'),
('b4740f5a-4253-494a-b4c1-65a12ad73a9f', false, '14af6b10-69b1-462a-a675-7b693a8b8202', 'Mario Vargas Llosa'),

('af151237-d71a-4596-9dc3-690bdfcce241', true, '9d5c0e06-1c9f-4bb7-9bfb-f348e67da06c', 'Dante Alighieri'),
('9f317023-3c59-4bb3-8de1-50aa302e3c2f', false, '9d5c0e06-1c9f-4bb7-9bfb-f348e67da06c', 'Francesco Petrarca'),
('03b28a67-40da-4e52-b425-9dd4118d562a', false, '9d5c0e06-1c9f-4bb7-9bfb-f348e67da06c', 'Giovanni Boccaccio'),
('b31de2dc-5fc3-4aee-9fa4-5af36317ea31', false, '9d5c0e06-1c9f-4bb7-9bfb-f348e67da06c', 'Ludovico Ariosto'),

('657e4f52-c5db-4d05-a721-c456e59c078b', true, '8febc27a-d6f4-4c8a-87b4-3b6e28759b5d', 'Hamlet'),
('23e4dc97-6bee-4212-a059-27c2748217c5', false, '8febc27a-d6f4-4c8a-87b4-3b6e28759b5d', 'Macbeth'),
('a29f7cac-1748-4cc8-b3e3-4c9cb02094f8', false, '8febc27a-d6f4-4c8a-87b4-3b6e28759b5d', 'Othello'),
('b301f5c0-cb76-41ce-a98f-87662af51df4', false, '8febc27a-d6f4-4c8a-87b4-3b6e28759b5d', 'El rey Lear'),

('7b86a16c-cb8d-4b06-bd93-27b698c27f0c', true, '73d2349d-7200-4829-b5f0-1f5a235e6ac9', 'La Ilíada'),
('aeb31179-0e4f-43ab-966e-20d78be5c474', false, '73d2349d-7200-4829-b5f0-1f5a235e6ac9', 'La Odisea'),
('aad36d2c-9f84-4ab8-b24b-d2597c4fd8a6', false, '73d2349d-7200-4829-b5f0-1f5a235e6ac9', 'La Eneida'),
('2902b951-fee2-45c5-8240-020aa22ebdf6', false, '73d2349d-7200-4829-b5f0-1f5a235e6ac9', 'Los trabajos y los días'),

('cdf1a707-f3c4-423d-8fa9-5fa428cc2b47', true, '55ebe9d8-09bb-4c44-b1ff-2b4fc9eaf0b6', 'Antoine de Saint-Exupéry'),
('27eed5cb-7b6e-4cf9-aa46-707308236437', false, '55ebe9d8-09bb-4c44-b1ff-2b4fc9eaf0b6', 'Jean-Paul Sartre'),
('a826c7d5-68cf-46ed-8c82-5f20c8814597', false, '55ebe9d8-09bb-4c44-b1ff-2b4fc9eaf0b6', 'Albert Camus'),
('e5154c9b-76da-4c2a-ab11-87b0a73890c8', false, '55ebe9d8-09bb-4c44-b1ff-2b4fc9eaf0b6', 'André Gide'),

('22878e44-eccf-4151-b779-e579ea9e187e', true, '1318a2d5-729c-4c21-a2e1-8ab0481c9a0d', '1984'),
('5fd48262-409e-4c42-8b3a-e1d6de8972cc', false, '1318a2d5-729c-4c21-a2e1-8ab0481c9a0d', 'Rebelión en la granja'),
('84ec9fa7-dfcd-4b8e-bbed-f51e00c64c44', false, '1318a2d5-729c-4c21-a2e1-8ab0481c9a0d', 'Homenaje a Cataluña'),
('88f0f933-cf1e-49c2-8651-c2437fce9bff', false, '1318a2d5-729c-4c21-a2e1-8ab0481c9a0d', 'El camino a Wigan Pier'),

('6ab4fe86-55b1-420d-924c-617c611e603d', true, '4a9b7e6a-8b65-4a41-8890-8a781ea79b7b', 'J.K. Rowling'),
('02fa420b-6d02-4be4-894d-a83df791682f', false, '4a9b7e6a-8b65-4a41-8890-8a781ea79b7b', 'Agatha Christie'),
('8598677b-6db3-4b28-8c8a-89a471361342', false, '4a9b7e6a-8b65-4a41-8890-8a781ea79b7b', 'Dorothy L. Sayers'),
('98d311db-bbf5-4163-9f7f-bf02c97ea18f', false, '4a9b7e6a-8b65-4a41-8890-8a781ea79b7b', 'P.D. James'),

('92dda45a-e7ee-483d-a7a0-6e4683b82df4', true, '03fe9015-6e79-47b6-8e9b-1da2c20b1730', 'Pablo Neruda'),
('c08f7688-9f93-49bb-8353-303f3c88dcfb', false, '03fe9015-6e79-47b6-8e9b-1da2c20b1730', 'Gabriela Mistral'),
('9d71112c-a820-4e11-924a-dcb413d1384c', false, '03fe9015-6e79-47b6-8e9b-1da2c20b1730', 'Vicente Huidobro'),
('0a370ce6-7e00-4488-906d-1d49cf8a5401', false, '03fe9015-6e79-47b6-8e9b-1da2c20b1730', 'Nicanor Parra'),

('d6c9e9d4-fe66-4da3-a8c0-9cc0000c089e', true, 'e19d99b6-43c4-452b-ba99-d9c73a16647c', 'El Corán'),
('95204150-0d2e-468e-9018-a9617678e422', false, 'e19d99b6-43c4-452b-ba99-d9c73a16647c', 'La Biblia'),
('8b55ece3-c450-4c5f-a43b-f54a9127db05', false, 'e19d99b6-43c4-452b-ba99-d9c73a16647c', 'La Torá'),
('9b65c0ba-2336-4322-aee4-62527186b08a', false, 'e19d99b6-43c4-452b-ba99-d9c73a16647c', 'El Bhagavad Gita'),

('28486c69-9abc-4e55-9c9a-9a6527ac107c', true, '5392d5d7-5a1c-4486-bfa8-0d0b1373fc6b', 'Ray Bradbury'),
('95846400-b52f-4bc1-8bf3-e24fd118ce2a', false, '5392d5d7-5a1c-4486-bfa8-0d0b1373fc6b', 'Isaac Asimov'),
('402d9a97-fe3d-4f67-b3d3-621ebc45e615', false, '5392d5d7-5a1c-4486-bfa8-0d0b1373fc6b', 'Arthur C. Clarke'),
('ee4525d4-9919-496f-abf5-bb5663d2a974', false, '5392d5d7-5a1c-4486-bfa8-0d0b1373fc6b', 'Philip K. Dick'),

('8e1db091-da6b-4fbe-a317-3b96079a463b', true, '35c2c03c-6e91-4520-96cb-22d1258473a3', 'Antonio Vivaldi'),
('613e9dba-a46d-48d7-9e14-ca51bf42a381', false, '35c2c03c-6e91-4520-96cb-22d1258473a3', 'Johann Sebastian Bach'),
('10ba081c-c3d8-44a0-8bb9-9f47919d276b', false, '35c2c03c-6e91-4520-96cb-22d1258473a3', 'Wolfgang Amadeus Mozart'),
('70052700-f816-406a-bd7b-e60b03c76a21', false, '35c2c03c-6e91-4520-96cb-22d1258473a3', 'Ludwig van Beethoven'),

('30a3ae07-9fd8-44b4-813e-786734136044', true, 'e04a62e2-9c6c-4a4e-8374-8f66f573f1d8', 'Guitarra eléctrica'),
('ab2257fb-2784-4094-bbfe-a47c109d70f0', false, 'e04a62e2-9c6c-4a4e-8374-8f66f573f1d8', 'Arpa'),
('6313ecc5-f6d1-408f-acb1-c0c0f784792d', false, 'e04a62e2-9c6c-4a4e-8374-8f66f573f1d8', 'Trompeta'),
('b3b961b4-3d71-4492-99f2-a71588f66d20', false, 'e04a62e2-9c6c-4a4e-8374-8f66f573f1d8', 'Flauta'),

('73dc4941-cf1a-48f2-9887-d2f226e6580a', true, 'f7a15d11-6f5c-4df0-b366-5aaeb9d4e8a7', 'Reggae'),
('9cc199f6-442e-4b5a-be7a-c2b82862a7a4', false, 'f7a15d11-6f5c-4df0-b366-5aaeb9d4e8a7', 'Salsa'),
('01aab32d-d834-4c1f-9b16-ded4bb801bf3', false, 'f7a15d11-6f5c-4df0-b366-5aaeb9d4e8a7', 'Cumbia'),
('6cd78c8d-1dc8-4394-8c54-13e026daea06', false, 'f7a15d11-6f5c-4df0-b366-5aaeb9d4e8a7', 'Tango'),

('41fcf90b-4808-40e7-81bf-a6db4bb72985', true, 'dce50b57-57e7-44d3-a3f2-efb9e43a3b3b', 'Madonna'),
('1c447a06-cc80-4a62-b9d1-0991fb9d56ec', false, 'dce50b57-57e7-44d3-a3f2-efb9e43a3b3b', 'Britney Spears'),
('33a4f7c9-e124-41ed-aad9-f6a2e4e95d06', false, 'dce50b57-57e7-44d3-a3f2-efb9e43a3b3b', 'Lady Gaga'),
('81b38cde-ccaa-4244-9b60-cda22b4254e0', false, 'dce50b57-57e7-44d3-a3f2-efb9e43a3b3b', 'Rihanna'),

('691e0fb8-1813-453a-b374-838e4821acf6', true, '3f5e42d8-fad8-4f69-a833-6815b4ab8b0b', 'Pink Floyd'),
('e51bcb69-ab8e-4ff6-a4cb-b36fd171573b', false, '3f5e42d8-fad8-4f69-a833-6815b4ab8b0b', 'The Beatles'),
('9b9cc768-4c29-4258-ade7-6f220d63adec', false, '3f5e42d8-fad8-4f69-a833-6815b4ab8b0b', 'Queen'),
('36542c65-cc83-49ec-8391-2405b0f98be3', false, '3f5e42d8-fad8-4f69-a833-6815b4ab8b0b', 'Led Zeppelin'),

('10d319f7-16e1-4331-8b26-41c50d3015bc', true, '32b10fa1-961f-41c6-8b58-366b9d66c9aa', 'Felix Mendelssohn'),
('f05d8c5c-0c2f-4848-92c8-2525e4deb2cd', false, '32b10fa1-961f-41c6-8b58-366b9d66c9aa', 'Johannes Brahms'),
('95728692-a705-4ff5-94de-77dc25fdecae', false, '32b10fa1-961f-41c6-8b58-366b9d66c9aa', 'Richard Wagner'),
('c3f9d8fa-c34f-4e80-bc0d-d96556666814', false, '32b10fa1-961f-41c6-8b58-366b9d66c9aa', 'Giuseppe Verdi'),

('886b0d64-9b8c-4c20-816d-fc4882885b15', true, '2f6d77f4-60cc-47d5-9c3e-9b7cc0dbf051', 'Buenos Aires'),
('98427293-c6e3-4d38-a4bb-fd7077fdb049', false, '2f6d77f4-60cc-47d5-9c3e-9b7cc0dbf051', 'Río de Janeiro'),
('43573af7-3950-4ee5-8d11-7d2e38ec9f8a', false, '2f6d77f4-60cc-47d5-9c3e-9b7cc0dbf051', 'Montevideo'),
('a5120e96-7987-4967-b740-12b219bd9f19', false, '2f6d77f4-60cc-47d5-9c3e-9b7cc0dbf051', 'Santiago'),

('6f1c1e7c-b6c0-416b-8bee-ed3cc117ad3f', true, 'b900db19-dbc5-4425-aa2b-0e9deed2745b', 'Guitarra portuguesa'),
('74c3103a-7ac9-402a-868e-6957d89b0215', false, 'b900db19-dbc5-4425-aa2b-0e9deed2745b', 'Bandoneón'),
('fb8e1d60-894f-45b9-b888-c33148845e40', false, 'b900db19-dbc5-4425-aa2b-0e9deed2745b', 'Viola'),
('594b05e9-b72b-439e-9746-73e726a799dd', false, 'b900db19-dbc5-4425-aa2b-0e9deed2745b', 'Acordión'),

('d36b622f-2c16-48ea-9367-ea623b8436f0', true, '039289d0-2010-41e7-98ac-0f450b469981', 'Héctor Lavoe'),
('1c889d45-4a11-4f14-a11c-37d77c082381', false, '039289d0-2010-41e7-98ac-0f450b469981', 'Marc Anthony'),
('2121998b-b44d-4968-afa4-ec9800cb72a2', false, '039289d0-2010-41e7-98ac-0f450b469981', 'Celia Cruz'),
('628b6437-eef0-4361-86db-7e4b05071a5a', false, '039289d0-2010-41e7-98ac-0f450b469981', 'Rubén Blades'),

('16c931ab-0cd7-45c3-8dfa-c176838a018e', true, '4f88c88e-8b2e-4e10-b43c-9c1a08338298', 'Ludwig van Beethoven'),
('a9fbef9b-6104-4fdd-aa03-1701e90929f7', false, '4f88c88e-8b2e-4e10-b43c-9c1a08338298', 'Johann Sebastian Bach'),
('d3ceda99-507a-4fdb-b139-5d87b154c2ca', false, '4f88c88e-8b2e-4e10-b43c-9c1a08338298', 'Wolfgang Amadeus Mozart'),
('22baa686-44c6-4b35-9315-c12689241852', false, '4f88c88e-8b2e-4e10-b43c-9c1a08338298', 'Franz Schubert'),

('0ccba63f-ae5d-4c0b-af9e-651daa625dbc', true, '7b7a3039-5e36-4be0-af57-05f05d036a14', 'Alas'),
('5d982b20-e840-4214-bff9-e45ae428e97a', false, '7b7a3039-5e36-4be0-af57-05f05d036a14', 'El nacimiento de una nación'),
('a4532374-3808-4856-a66a-4c0c5eaa70bf', false, '7b7a3039-5e36-4be0-af57-05f05d036a14', 'Lo que el viento se llevó'),
('c780e8a3-9299-4b7b-98f2-5c69fdf998f9', false, '7b7a3039-5e36-4be0-af57-05f05d036a14', 'Ciudadano Kane'),

('2a818b34-e435-4421-8318-7a0a7fb5383e', true, '06a289a5-8480-4907-9030-7898c3de0193', 'Peter Jackson'),
('60eeec0a-0dca-4bd0-9c45-aa0df252969c', false, '06a289a5-8480-4907-9030-7898c3de0193', 'Steven Spielberg'),
('857729f8-c16c-40e9-b9b0-9d1aa3fd2a0b', false, '06a289a5-8480-4907-9030-7898c3de0193', 'George Lucas'),
('d3ed8f7f-b82f-4d17-ab16-cdc20ebc0dce', false, '06a289a5-8480-4907-9030-7898c3de0193', 'James Cameron'),

('da23c16e-3786-4299-9d32-56c9f7dbbe39', true, 'c141d94e-28a5-4bcf-9dd5-1b992367cf6f', 'Daniel Radcliffe'),
('228c2696-6cc8-4eb0-829d-5542e932b82a', false, 'c141d94e-28a5-4bcf-9dd5-1b992367cf6f', 'Rupert Grint'),
('5450098b-1968-407b-b5c6-3e8242dcdf79', false, 'c141d94e-28a5-4bcf-9dd5-1b992367cf6f', 'Emma Watson'),
('f6b1e46c-158d-42b7-a9de-7dc3bbf6f7d2', false, 'c141d94e-28a5-4bcf-9dd5-1b992367cf6f', 'Tom Felton'),

('e2a35839-4a8e-4b27-a563-732d253ce846', true, '9981a4b8-5259-4989-831a-1f964a4e6098', 'Star Wars'),
('3b4c45a1-c69c-43dd-ae1c-9b3095cf49d6', false, '9981a4b8-5259-4989-831a-1f964a4e6098', 'Star Trek'),
('7c9411c0-7259-4993-8c93-b6eda16f6337', false, '9981a4b8-5259-4989-831a-1f964a4e6098', 'El Señor de los Anillos'),
('6e409182-8f88-44dd-9bd3-217747dbbb94', false, '9981a4b8-5259-4989-831a-1f964a4e6098', 'Matrix'),

('34a5c373-d610-4d11-b419-d79800787df9', true, '4b77d184-95dc-4dc0-bd39-d40d238d66c3', 'La bella y la bestia'),
('78886eb7-ce77-485c-89a5-a671c052519e', false, '4b77d184-95dc-4dc0-bd39-d40d238d66c3', 'Toy Story'),
('5d7ac49b-2729-4409-bad0-4b72a4ccbc18', false, '4b77d184-95dc-4dc0-bd39-d40d238d66c3', 'Shrek'),
('4813cf25-3831-49ea-99cc-3807302c413f', false, '4b77d184-95dc-4dc0-bd39-d40d238d66c3', 'El rey león'),

('7833b8cd-8d7e-44b6-9c99-b29a80a9f2dc', true, 'b53a46e7-af7f-42c7-8a02-fa991a4243b2', 'Meryl Streep'),
('08a9a34f-0afb-40dd-b132-f49c3e0cb8d9', false, 'b53a46e7-af7f-42c7-8a02-fa991a4243b2', 'Helen Mirren'),
('136aa04d-3481-498c-a9c8-1dc838283218', false, 'b53a46e7-af7f-42c7-8a02-fa991a4243b2', 'Judi Dench'),
('a258adbe-24cb-431a-a2ce-7c8fb7bebfda', false, 'b53a46e7-af7f-42c7-8a02-fa991a4243b2', 'Kate Winslet'),

('10687de0-4b57-416d-b453-e107455a031b', true, '4d6da31b-85e8-4e69-8136-25ed4f0650d8', 'Psicosis'),
('5c566e3a-c214-40d8-8eca-1d988c569b49', false, '4d6da31b-85e8-4e69-8136-25ed4f0650d8', 'Los pájaros'),
('a8a4de75-5ea8-4e55-b723-a1cde75a835b', false, '4d6da31b-85e8-4e69-8136-25ed4f0650d8', 'Vértigo'),
('71a9dad0-4191-448b-83a9-954571acf903', false, '4d6da31b-85e8-4e69-8136-25ed4f0650d8', 'El hombre que sabía demasiado'),

('8b16f9f9-1f5f-443a-87d7-eb3f9eff1cc6', true, '9871e44c-d84c-4930-81c5-488f70f12b89', 'Blade Runner'),
('b0259e61-9260-43b7-a069-bf78665ddeed', false, '9871e44c-d84c-4930-81c5-488f70f12b89', 'Tron'),
('e545254a-ab13-4bd0-a93a-9feb6696d22b', false, '9871e44c-d84c-4930-81c5-488f70f12b89', 'El quinto elemento'),
('e84f5b03-4ee9-41b6-9380-bfe2a2f22495', false, '9871e44c-d84c-4930-81c5-488f70f12b89', 'Matrix'),

('dcb183ef-9303-4b36-b153-119acc04f695', true, 'f9e1d84e-6344-43bb-9a84-91a2fb361575', 'Marlon Brando'),
('1514d84a-326f-4795-a19d-acbd8390e4ed', false, 'f9e1d84e-6344-43bb-9a84-91a2fb361575', 'Al Pacino'),
('c585dd96-a9ea-4568-b99d-63ed42a8926e', false, 'f9e1d84e-6344-43bb-9a84-91a2fb361575', 'Robert De Niro'),
('afa1558b-c3bc-470e-a65b-28fd59b6535b', false, 'f9e1d84e-6344-43bb-9a84-91a2fb361575', 'James Caan'),

('d9b62c4c-13a2-4d55-a2de-f87d00049f76', true, 'e8c61141-c222-4c8e-95da-40cbe9f6d1bf', 'Alfred Hitchcock'),
('9b64c753-bfbf-42e4-b1b4-3b37617f895e', false, 'e8c61141-c222-4c8e-95da-40cbe9f6d1bf', 'Stanley Kubrick'),
('0868b11b-9113-4803-9039-4eb710de291e', false, 'e8c61141-c222-4c8e-95da-40cbe9f6d1bf', 'Martin Scorsese'),
('59c2ffa2-fbb4-43bb-8f1c-8cd6af191e8e', false, 'e8c61141-c222-4c8e-95da-40cbe9f6d1bf', 'Quentin Tarantino'),

('b70ae403-f0de-4963-bae0-f861241673e7', true, '68e7a398-44af-4313-8b5a-74f4ad4a8b2c', 'Tenis de mesa'),
('7917ac59-7e69-431d-b31e-a5e3ee353f3a', false, '68e7a398-44af-4313-8b5a-74f4ad4a8b2c', 'Bádminton'),
('0b6cdc07-1d22-4490-acba-7cc76c33156c', false, '68e7a398-44af-4313-8b5a-74f4ad4a8b2c', 'Voleibol'),
('9f2bcb9f-662a-4d88-800d-cd330685840a', false, '68e7a398-44af-4313-8b5a-74f4ad4a8b2c', 'Golf'),

('9b3b1ca9-00f8-4111-a29e-035e777f0737', true, '8ed9f3b7-94b7-41ff-88e2-61f94c8f2915', 'Críquet'),
('e22a0739-25c2-4cc1-b711-b2c6a6b8c678', false, '8ed9f3b7-94b7-41ff-88e2-61f94c8f2915', 'Fútbol'),
('12698762-fa76-4cb0-86a3-f74c84179a91', false, '8ed9f3b7-94b7-41ff-88e2-61f94c8f2915', 'Hockey sobre césped'),
('1988289f-27ec-451c-b11f-79066b8bd9e6', false, '8ed9f3b7-94b7-41ff-88e2-61f94c8f2915', 'Tenis'),

('3f82ee7d-e721-47fb-8dc2-ed322a527016', true, '58ef1a7d-9125-4a7f-b8b8-b4788901ccf3', 'Francia'),
('ecf42a02-aacf-4b13-9c91-eda8fab030d0', false, '58ef1a7d-9125-4a7f-b8b8-b4788901ccf3', 'Brasil'),
('490f2658-28e4-4d1f-acda-0955d790b7e6', false, '58ef1a7d-9125-4a7f-b8b8-b4788901ccf3', 'Alemania'),
('54fb678c-d7de-4c0e-af47-f70f5bb4b1c9', false, '58ef1a7d-9125-4a7f-b8b8-b4788901ccf3', 'Argentina'),

('8b85d243-c099-48ff-ae3f-287358b0b379', true, '24502de1-7a4a-4f54-83df-88dc3f1a4db7', 'Wimbledon'),
('9850a8cf-d6eb-42e2-b13d-0a8eacdbf5c2', false, '24502de1-7a4a-4f54-83df-88dc3f1a4db7', 'Abierto de Australia'),
('64b1ee9e-c560-43b4-aabb-7d199fdae742', false, '24502de1-7a4a-4f54-83df-88dc3f1a4db7', 'Roland Garros'),
('3ccb7ab9-fd3e-455a-8bda-a38521417871', false, '24502de1-7a4a-4f54-83df-88dc3f1a4db7', 'Abierto de Estados Unidos'),

('37e36454-b85e-4c99-a5c2-eaa8009beb21', true, 'ebc97b7e-cacd-4a9b-a3ed-7cfc39d750e1', 'Ajedrez'),
('c651ba4b-b5b3-42da-a2f1-3356127b0ece', false, 'ebc97b7e-cacd-4a9b-a3ed-7cfc39d750e1', 'Go'),
('72d983ba-cff7-409a-b2df-1bd6b9139382', false, 'ebc97b7e-cacd-4a9b-a3ed-7cfc39d750e1', 'Bridge'),
('af984079-4601-489f-b5ec-3fc4414f97d2', false, 'ebc97b7e-cacd-4a9b-a3ed-7cfc39d750e1', 'Póker'),

('86ea0e1e-700e-4eab-b20e-e12c313e9392', true, '6d99f6c7-2a86-4e5e-9f08-5a44c87c8cc8', 'Tiro con arco'),
('692e9163-36dc-4af3-beac-2c37df07ecb0', false, '6d99f6c7-2a86-4e5e-9f08-5a44c87c8cc8', 'Béisbol'),
('1ae0e225-f3bb-4df9-955c-00c27fe49dd0', false, '6d99f6c7-2a86-4e5e-9f08-5a44c87c8cc8', 'Esgrima'),
('ab9efbfe-5c9a-42b6-881d-dfea1e36a66c', false, '6d99f6c7-2a86-4e5e-9f08-5a44c87c8cc8', 'Tiro al blanco'),

('b44ee3fd-9550-4c93-ba27-95d731cbc46f', true, '9b00147f-773f-4d53-ae8f-bda810c8fdd7', 'Real Madrid'),
('ade59e3d-81fb-4c81-94a8-beb8d1d002fb', false, '9b00147f-773f-4d53-ae8f-bda810c8fdd7', 'Barcelona'),
('04bdef96-6727-4548-a60a-9cade8ab823f', false, '9b00147f-773f-4d53-ae8f-bda810c8fdd7', 'Bayern de Múnich'),
('bc44a658-4308-4a6e-b547-f25b8e5c5e98', false, '9b00147f-773f-4d53-ae8f-bda810c8fdd7', 'Liverpool'),

('0ead98a8-655c-4e90-84e2-9ff15312b227', true, '175bc0f4-dcd2-4f32-a994-6e08fcfb464f', 'Hockey sobre hielo'),
('034c21f1-b4d9-4e83-b316-d0b5350d6c0a', false, '175bc0f4-dcd2-4f32-a994-6e08fcfb464f', 'Baloncesto'),
('fa4f7d59-0ded-4c6c-b815-09a2e8934b1d', false, '175bc0f4-dcd2-4f32-a994-6e08fcfb464f', 'Rugby'),
('4d278da7-447f-496c-9350-e8aaa44bbecd', false, '175bc0f4-dcd2-4f32-a994-6e08fcfb464f', 'Ciclismo'),

('5778fd83-06c5-4f11-b197-be8e43729555', true, '03529b6e-b22e-441e-95df-325b2c2b03f0', 'Tenis'),
('3c0fd9e4-9e6d-47cc-8ba1-4872f01f2bd9', false, '03529b6e-b22e-441e-95df-325b2c2b03f0', 'Golf'),
('ace65c57-eaf7-4a80-9c16-627d1e73a3ff', false, '03529b6e-b22e-441e-95df-325b2c2b03f0', 'Cricket'),
('627582ed-71a9-49cc-aaf7-a741fc849441', false, '03529b6e-b22e-441e-95df-325b2c2b03f0', 'Rugby'),

('9aca0b6a-53f8-42bf-bea4-2e836a18b2b8', true, 'f4523b2e-8dcf-41ef-826b-df849c6a6ac2', 'Fútbol'),
('eb400b6f-1600-4548-87cc-e827b0335f28', false, 'f4523b2e-8dcf-41ef-826b-df849c6a6ac2', 'Rugby'),
('6aa36930-3cb3-4c50-97dd-a2162261f7fd', false, 'f4523b2e-8dcf-41ef-826b-df849c6a6ac2', 'Baloncesto'),
('8360b804-9b24-4f34-bd54-d7f31f447546', false, 'f4523b2e-8dcf-41ef-826b-df849c6a6ac2', 'Atletismo'),

('872c6a9f-2b2a-4897-94a2-424c65d47a01', true, '8a154e80-6cf9-4de3-88f5-84de116bba26', 'Charles Babbage'),
('c8ebe80b-4474-4b90-937e-de9cf5fa8b64', false, '8a154e80-6cf9-4de3-88f5-84de116bba26', 'Alan Turing'),
('7cb4867d-36ca-4955-b4bb-fc5b6c092f1f', false, '8a154e80-6cf9-4de3-88f5-84de116bba26', 'Bill Gates'),
('1a343cfd-6718-430d-86f6-0a9adca1c8e8', false, '8a154e80-6cf9-4de3-88f5-84de116bba26', 'Steve Jobs'),

('1c91cb2a-8226-4187-99b1-e5e986a98614', true, 'b87dcfe5-14e2-40bc-97c8-0d041bb0f9c0', 'Java'),
('0da0dc19-2d24-457e-856f-b5929d21ba3e', false, 'b87dcfe5-14e2-40bc-97c8-0d041bb0f9c0', 'Python'),
('1cd12a7d-9384-451f-8185-c2dddaaa97cf', false, 'b87dcfe5-14e2-40bc-97c8-0d041bb0f9c0', 'C++'),
('45527d03-eb3a-4848-ad6e-057126608b07', false, 'b87dcfe5-14e2-40bc-97c8-0d041bb0f9c0', 'Ruby'),

('765cb0dc-c0bd-44e1-96e6-85dfd2297f9a', true, 'e9d9b048-f87c-4d70-aa69-3e7c335bc4aa', '299.792 km/s'),
('29bd777c-e721-4921-abc0-ea103732a83d', false, 'e9d9b048-f87c-4d70-aa69-3e7c335bc4aa', '150.000 km/s'),
('b1a95793-cb1d-489d-bd1a-ff2e1a20de25', false, 'e9d9b048-f87c-4d70-aa69-3e7c335bc4aa', '1.000.000 km/s'),
('56cd1d98-1025-4eb6-8222-15836f306477', false, 'e9d9b048-f87c-4d70-aa69-3e7c335bc4aa', '299.792 m/s'),

('fe1e23fa-fc32-4900-9c2e-d542f031c1f7', true, '6f426f20-c038-498e-8d0b-83a39aa5a174', 'Microsoft'),
('75626674-30e5-48ae-bd42-8f3a0b7c2896', false, '6f426f20-c038-498e-8d0b-83a39aa5a174', 'Apple'),
('ceb4b5e2-3e05-4219-aa21-592af28a5c0b', false, '6f426f20-c038-498e-8d0b-83a39aa5a174', 'IBM'),
('e849e50c-772e-4703-9d96-cb0d65aeafa4', false, '6f426f20-c038-498e-8d0b-83a39aa5a174', 'Google'),

('1efe1920-e880-42b6-868a-42c1febc63a0', true, '20f8a672-2be2-4904-b68f-13b88be3ab8e', 'Hypertext Transfer Protocol'),
('d67ca10c-ee83-4fdc-b232-e7c4b7803087', false, '20f8a672-2be2-4904-b68f-13b88be3ab8e', 'High Transfer Text Protocol'),
('ee56e45f-9429-429e-b032-8b6f2759c73a', false, '20f8a672-2be2-4904-b68f-13b88be3ab8e', 'Hyperlink Tracking Technology Protocol'),
('a118b53a-b7d7-42f2-985d-646d7d7b881f', false, '20f8a672-2be2-4904-b68f-13b88be3ab8e', 'Hypertext Transfer Plot'),

('215c745e-68c0-462b-ad3a-9f5ad0c553cf', true, 'f84f1421-4b25-479d-8e88-2c1b9da77eb2', 'WorldWideWeb'),
('5f52ded4-3ce6-4801-9dc7-3a51523bd048', false, 'f84f1421-4b25-479d-8e88-2c1b9da77eb2', 'Google Chrome'),
('20ea6e9f-6f6f-426d-bd07-6fb560da3543', false, 'f84f1421-4b25-479d-8e88-2c1b9da77eb2', 'Mozilla Firefox'),
('306662da-a24f-4dd1-991b-42ed90217072', false, 'f84f1421-4b25-479d-8e88-2c1b9da77eb2', 'Internet Explorer'),

('5398c2e1-c7f9-4270-bcb6-27780ab3a6e5', true, '720ba04b-176e-495f-9b7b-fb719c68aae3', 'Un dispositivo semiconductor'),
('b98355e4-c0dc-429d-9200-59549e6c2ddb', false, '720ba04b-176e-495f-9b7b-fb719c68aae3', 'Un componente de almacenamiento de datos'),
('e767c944-a5d4-40c0-90fc-e69562f948d7', false, '720ba04b-176e-495f-9b7b-fb719c68aae3', 'Un tipo de cable de red'),
('4489fb7c-8a36-4106-8bf9-804c0b8a6a84', false, '720ba04b-176e-495f-9b7b-fb719c68aae3', 'Una unidad de procesamiento central'),

('4fafb58d-e7b9-4d6f-97ba-33425e37a15e', true, '723c471a-c5f3-40e1-8147-2a3d482c9b91', 'VoIP'),
('818dc178-9637-4da1-9978-eb77d0167df4', false, '723c471a-c5f3-40e1-8147-2a3d482c9b91', 'Bluetooth'),
('e7802a74-abfc-45a5-b46e-30d690e71b53', false, '723c471a-c5f3-40e1-8147-2a3d482c9b91', 'NFC'),
('b34859db-791f-45cc-821f-927aad769560', false, '723c471a-c5f3-40e1-8147-2a3d482c9b91', 'LTE'),

('8a8127e7-ea31-4e32-8476-38be3aa34f4d', true, '871ae194-119f-4a5d-a929-f8e27f5ab85d', 'ENIAC'),
('7c2f7f4f-dd8a-42e1-b8d0-38585137e05a', false, '871ae194-119f-4a5d-a929-f8e27f5ab85d', 'UNIVAC'),
('a5231f87-594e-4897-9376-9ec4c653b3bc', false, '871ae194-119f-4a5d-a929-f8e27f5ab85d', 'IBM PC'),
('7badd9af-e4b1-4458-b356-002ec237f66f', false, '871ae194-119f-4a5d-a929-f8e27f5ab85d', 'APPLE I'),

('53b3efea-e8c6-4d31-bedb-cc3dac96352f', true, '6dbca8d1-37fc-4c92-aa8c-bfbab68438de', '1970'),
('7f6bdaaa-bfa8-41cc-a431-48085fed3398', false, '6dbca8d1-37fc-4c92-aa8c-bfbab68438de', '1980'),
('8c04d4ff-8050-470a-8a3b-5d1887da121d', false, '6dbca8d1-37fc-4c92-aa8c-bfbab68438de', '1990'),
('291d49c0-0a3e-4bc9-b5a8-b8d9da636935', false, '6dbca8d1-37fc-4c92-aa8c-bfbab68438de', '2000'),

('1a4c4c68-079e-46c2-9746-ebbdddd7ca85', true, '38ebf102-0596-43da-9d77-4f3e1b16e0a7', 'Júpiter'),
('cbeae37e-e43d-4a02-84b3-88393720058f', false, '38ebf102-0596-43da-9d77-4f3e1b16e0a7', 'Marte'),
('af8183f8-b8ee-413d-ac5d-4da0ec16e074', false, '38ebf102-0596-43da-9d77-4f3e1b16e0a7', 'Venus'),
('20c280fd-df39-41fd-a3dd-69be8a9a25b9', false, '38ebf102-0596-43da-9d77-4f3e1b16e0a7', 'Mercurio'),

('7d7aca24-4bde-49c6-a9b8-e60070c825cd', true, '1e7eb9cf-aae8-4887-b1f5-b3da7cb9bf4f', 'Enana amarilla'),
('b2157f17-1517-4463-bc49-4fcf07052c8d', false, '1e7eb9cf-aae8-4887-b1f5-b3da7cb9bf4f', 'Gigante roja'),
('b8e53281-ffff-4b00-9df8-595600f2334b', false, '1e7eb9cf-aae8-4887-b1f5-b3da7cb9bf4f', 'Enana blanca'),
('aee1eec9-7a52-446c-a9df-37d59cc2ac1b', false, '1e7eb9cf-aae8-4887-b1f5-b3da7cb9bf4f', 'Supergigante azul'),

('78dd6f64-e6e6-4dab-92f6-0769794c112f', true, 'a22c05a7-6189-42b6-a2f4-b9fcf91d3962', 'Andrómeda'),
('ec955676-2a8f-4349-88d8-29e7384f893c', false, 'a22c05a7-6189-42b6-a2f4-b9fcf91d3962', 'Triángulo'),
('492e1518-7562-442c-bca5-ce41e6125ba9', false, 'a22c05a7-6189-42b6-a2f4-b9fcf91d3962', 'Sombrero'),
('4c5bbaf4-b661-4542-ac40-f731cac55c2f', false, 'a22c05a7-6189-42b6-a2f4-b9fcf91d3962', 'Whirlpool'),

('a25515d5-ccc3-4135-b9cc-da680dacdcce', true, '86120697-6a52-4f8a-88b4-d3bdc5bfe39b', 'Marte'),
('3ebd2bd2-37ec-4682-a03a-2ab17b58edad', false, '86120697-6a52-4f8a-88b4-d3bdc5bfe39b', 'Júpiter'),
('22301005-9d08-4f4d-932e-f80d5f0ceecc', false, '86120697-6a52-4f8a-88b4-d3bdc5bfe39b', 'Saturno'),
('e8715b6e-0960-4e60-8c8b-32e4432f47ae', false, '86120697-6a52-4f8a-88b4-d3bdc5bfe39b', 'Venus'),

('e4536cc1-9d94-4051-99fa-5518d3a5e144', true, 'eee477b8-1fa3-448e-bf6f-6460af5379b3', 'Venus'),
('a634bcbe-2a13-4d3f-8e56-3028ded6c28b', false, 'eee477b8-1fa3-448e-bf6f-6460af5379b3', 'Marte'),
('18c0b934-0f6b-4411-9b46-73c6838b34eb', false, 'eee477b8-1fa3-448e-bf6f-6460af5379b3', 'Júpiter'),
('0a1b27cb-3d74-415e-af04-2f73dc1ab50a', false, 'eee477b8-1fa3-448e-bf6f-6460af5379b3', 'Sirio'),

('74bc7b97-6218-4971-9cda-c80a9da69e0c', true, '654d6da1-34df-4f82-b0ef-49ad18aa46b8', 'La gravedad de la Luna'),
('8867a334-ffc1-411b-bf4b-42559cb325ad', false, '654d6da1-34df-4f82-b0ef-49ad18aa46b8', 'El viento solar'),
('dabd0835-8b5d-4706-b9f2-09046cc28d3b', false, '654d6da1-34df-4f82-b0ef-49ad18aa46b8', 'La rotación de la Tierra'),
('6feff0ae-8270-42be-a056-3ebc521aa4fc', false, '654d6da1-34df-4f82-b0ef-49ad18aa46b8', 'La gravedad del Sol'),

('a9ac408a-6a64-4c2d-89bb-c8c0bce6c525', true, '8404eac4-5273-4be5-af20-9c0f758b067d', 'Una región del espacio con gravedad extrema'),
('babe4d8b-ebfe-488f-bd3a-3a44d87c1d89', false, '8404eac4-5273-4be5-af20-9c0f758b067d', 'Una estrella en explosión'),
('c402cc3c-a779-4a2f-997c-eb33a57b843e', false, '8404eac4-5273-4be5-af20-9c0f758b067d', 'Un planeta oscuro'),
('b1d6af6c-32ec-42d6-8f30-bea7c251c071', false, '8404eac4-5273-4be5-af20-9c0f758b067d', 'Una nebulosa'),

('bd45dce3-72d2-4c5c-a603-d240407483da', true, '21a92ba2-ba11-41ed-82d1-8dd540f8ae47', 'UA (Unidad Astronómica)'),
('0b813e92-76de-4f06-8901-282d17439845', false, '21a92ba2-ba11-41ed-82d1-8dd540f8ae47', 'Año luz'),
('c8a798af-e3d9-4f8c-80d0-ed741d896326', false, '21a92ba2-ba11-41ed-82d1-8dd540f8ae47', 'Parsec'),
('78343c40-aa78-4a6c-a386-4cbfc85f095f', false, '21a92ba2-ba11-41ed-82d1-8dd540f8ae47', 'Kilómetro'),

('7b2c42d5-7bb8-47f5-b287-fa99a0f8ca0d', true, '7c1805e2-54e2-43db-a398-1db0b431c9b3', 'Apolo 11'),
('d8b6b57e-accc-4d5c-a2de-ae0a9dd84a52', false, '7c1805e2-54e2-43db-a398-1db0b431c9b3', 'Apolo 13'),
('6180b489-5f61-4834-b54c-0e3c6204f032', false, '7c1805e2-54e2-43db-a398-1db0b431c9b3', 'Voyager 1'),
('5557ab57-4bc1-4b25-b4ed-598edc89af5b', false, '7c1805e2-54e2-43db-a398-1db0b431c9b3', 'Challenger'),

('08e07918-a0f9-410a-a2a2-71edab6e68ce', true, 'c3c8f80f-32d8-44b2-b381-ef10fd62539d', 'Hubble'),
('84f3bd26-b1a7-4259-97f6-9eed2cada1e2', false, 'c3c8f80f-32d8-44b2-b381-ef10fd62539d', 'Kepler'),
('4106f1da-070e-4d35-99fb-f36def2ede33', false, 'c3c8f80f-32d8-44b2-b381-ef10fd62539d', 'Spitzer'),
('97068f0b-fac4-433b-a795-944701867926', false, 'c3c8f80f-32d8-44b2-b381-ef10fd62539d', 'James Webb');
